onnx/dubinsrejoin.onnx,vnnlib/dubinsrejoin_case_safe_0.vnnlib,537
onnx/dubinsrejoin.onnx,vnnlib/dubinsrejoin_case_safe_1.vnnlib,835
onnx/dubinsrejoin.onnx,vnnlib/dubinsrejoin_case_safe_3.vnnlib,871
onnx/dubinsrejoin.onnx,vnnlib/dubinsrejoin_case_safe_6.vnnlib,85
onnx/dubinsrejoin.onnx,vnnlib/dubinsrejoin_case_safe_10.vnnlib,69
onnx/dubinsrejoin.onnx,vnnlib/dubinsrejoin_case_safe_12.vnnlib,95
onnx/dubinsrejoin.onnx,vnnlib/dubinsrejoin_case_safe_13.vnnlib,136
onnx/dubinsrejoin.onnx,vnnlib/dubinsrejoin_case_safe_14.vnnlib,217
onnx/dubinsrejoin.onnx,vnnlib/dubinsrejoin_case_safe_15.vnnlib,63
onnx/dubinsrejoin.onnx,vnnlib/dubinsrejoin_case_safe_16.vnnlib,86
onnx/lunarlander.onnx,vnnlib/lunarlander_case_safe_0.vnnlib,125
onnx/lunarlander.onnx,vnnlib/lunarlander_case_safe_1.vnnlib,88
onnx/lunarlander.onnx,vnnlib/lunarlander_case_safe_2.vnnlib,122
onnx/lunarlander.onnx,vnnlib/lunarlander_case_safe_5.vnnlib,30
onnx/lunarlander.onnx,vnnlib/lunarlander_case_safe_6.vnnlib,75
onnx/lunarlander.onnx,vnnlib/lunarlander_case_safe_7.vnnlib,36
onnx/lunarlander.onnx,vnnlib/lunarlander_case_safe_8.vnnlib,36
onnx/lunarlander.onnx,vnnlib/lunarlander_case_safe_9.vnnlib,45
onnx/lunarlander.onnx,vnnlib/lunarlander_case_safe_10.vnnlib,30
onnx/lunarlander.onnx,vnnlib/lunarlander_case_safe_11.vnnlib,30
